,h,ecc,anomalia_verdadeira,raan,inc,arg_per,q0,q1,q2,q3,wx3,wy3,wz3,X_perifocal,Y_perifocal,Z_perifocal,distancia
0,48855.070091431764,0.0009995913749222068,-0.011481344449509333,1.745188892092717e-05,1.1082839373621618,0.02516879053497345,0.8503325594514004,0.00357872549213218,0.5262017542438877,0.005783155952551782,0.0,0.0,0.0013584440990965989,5981.629233895969,-68.68016346560128,0,5982.023508533926
1,48855.02977350843,0.0009983724841081557,-0.023000036714146972,1.7442107985648404e-05,1.1082835259043298,0.050340020653394144,0.8502736646482675,0.0071526938004549704,0.526165309033858,0.011558624381731029,0.0,0.0,0.0013584440990965989,5980.439923451534,-137.5745977265646,0,5982.022103599469
2,48854.9626557275,0.00099634472020452,-0.0345586022623764,1.74155995451392e-05,1.1082828409433536,0.07555112291958242,0.8501755432290582,0.010726332125737712,0.5261045896572529,0.017333559564259637,0.0,0.0,0.0013584440990965989,5978.447963823151,-206.68909460136277,0,5982.019762418736
3,48854.86878833591,0.0009935104542570328,-0.04617728661072281,1.736402612205218e-05,1.1082818829894787,0.1008223433611927,0.850038199741712,0.014299475601535697,0.526019598928423,0.023107695078931803,0.0,0.0,0.0013584440990965989,5975.63976828438,-276.1351296623879,0,5982.016486949485
4,48854.74824127182,0.0009898729986310914,-0.057876724323843436,1.727906857421168e-05,1.1082806527529188,0.1261743170536123,0.8498616405224447,0.017871959384155256,0.5259103407683378,0.028880764541306687,0.0,0.0,0.0013584440990965989,5971.9960575818395,-346.0260186692245,0,5982.012279941349
5,48854.60110434705,0.000985436627651891,-0.06967807980405583,1.7152432340522708e-05,1.1082791511457186,0.15162820890870662,0.8496458737166535,0.021443618660336915,0.5257768202175214,0.03465250161612504,0.0,0.0,0.0013584440990965989,5967.491592697314,-416.4775780602503,0,5982.007144925527
6,48854.427487180335,0.0009802065903230276,-0.08160319195883399,1.697585354719564e-05,1.1082773792810947,0.17720585834157865,0.8493909092785419,0.025014288654859156,0.5256190434358224,0.04042264002959598,0.0,0.0,0.0013584440990965989,5962.094821641492,-487.60879114111265,0,5982.001086212071
7,48854.22751911601,0.0009741891264079604,-0.09367472739305782,1.6741105092273437e-05,1.1082753384726194,0.20292993246207067,0.8490967589706604,0.028583804638140062,0.5254370177021275,0.04619091358168129,0.0,0.0,0.0013584440990965989,5955.767432243504,-559.5425022122567,0,5981.994108886629
8,48854.001349127735,0.0009673914862182284,-0.10591634416555902,1.644000270415946e-05,1.1082730302332657,0.22882408983057168,0.8487634363633634,0.03215200193383688,0.5252307514140273,0.051957056158376674,0.0,0.0,0.0013584440990965989,5948.46380089009,-632.4061444131297,0,5981.986218806532
9,48853.74914570802,0.0009598219545354829,-0.11835286834331982,1.6064410969859578e-05,1.1082704562743073,0.2549131570114799,0.8483909568341831,0.0357187159264434,0.5250002540874269,0.05772080174398817,0.0,0.0,0.0013584440990965989,5940.130324654768,-706.332507087999,0,5981.977422596342
10,48853.47109674293,0.0009514898791891471,-0.13101048582154523,1.560624932866961e-05,1.1082676185040712,0.28122332039253706,0.847979337567121,0.03928378206888415,0.5247455363561095,0.06348188443340488,0.0,0.0,0.0013584440990965989,5930.704621358741,-781.460548430899,0,5981.967727642791
11,48853.16740937265,0.0009424057049204564,-0.14391695215787823,1.5057498027059588e-05,1.1082645190265454,0.3077823360183117,0.8475285975518534,0.04284703589010578,0.5244666099712436,0.06924003844436628,0.0,0.0,0.0013584440990965989,5920.114578730129,-857.9362589949869,0,5981.957142089145
12,48852.83830983747,0.0009325810132901611,-0.15710182349828727,1.441020403052837e-05,1.1082611601398495,0.3346197605153612,0.8470387575828577,0.04640831300266463,0.5241634878008418,0.07499499812972368,0.0,0.0,0.0013584440990965989,5908.277229868101,-935.9135812814319,0,5981.945674828961
13,48852.484043309836,0.0009220285695349587,-0.1705967120551302,1.3656486888228268e-05,1.1082575443345575,0.36176720656956823,0.8465098402584509,0.04996744911031079,0.5238361838291671,0.08074649798969559,0.0,0.0,0.0013584440990965989,5895.097427548479,-1015.555389956379,0,5981.9333354993305
14,48852.10487371226,0.0009107623774502944,-0.18443557003372377,1.2788544546122514e-05,1.1082536742918836,0.38925862685199347,0.8459418699797483,0.05352428001556747,0.5234847131560877,0.08649427268411632,0.0,0.0,0.0013584440990965989,5880.466284385173,-1097.0345361149255,0,5981.920134473516
15,48851.70108352116,0.0008987977435842028,-0.1986550064160733,1.1798659104657247e-05,1.108249552881729,0.41713063080188995,0.845334872949537,0.05707864162730626,0.5231090919963804,0.09223805704467712,0.0,0.0,0.0013584440990965989,5864.25933929843,-1180.5349573498095,0,5981.906082853005
16,48851.2729735571,0.0008861513522722875,-0.2132946415838881,1.0679202516991526e-05,1.1082451831605866,0.44542283924901244,0.8446888771710682,0.0606303699683175,0.5227093376789828,0.09797758608715992,0.0,0.0,0.0013584440990965989,5846.334402950385,-1266.252852829137,0,5981.89119245905
17,48850.8208627613,0.0008728413533166365,-0.22839750532095862,9.422642223134974e-06,1.1082405683693146,0.4741782824152907,0.8440039124467638,0.06417930118287503,0.5222854686461932,0.10371259502366185,0.0,0.0,0.0013584440990965989,5826.529025674983,-1354.3979183486756,0,5981.87547582364
18,48850.34508795868,0.0008588874644694666,-0.24401048448722862,8.021546716462915e-06,1.108235711930769,0.5034438475882095,0.8432800103768421,0.0677252715442956,0.5218375044528203,0.10944281927481109,0.0,0.0,0.0013584440990965989,5804.657520472478,-1445.1946311881024,0,5981.858946179908
19,48849.84600360763,0.0008443110912772129,-0.2601848273134591,6.468591038465438e-06,1.1082306174473089,0.5332707834147832,0.842517204357861,0.07126811746249218,0.5213654657652805,0.11516799448197267,0.0,0.0,0.0013584440990965989,5780.507460914283,-1538.8835662893853,0,5981.841617452039
20,48849.32398153664,0.0008291354673214149,-0.2769767119736106,4.756562197774957e-06,1.1082252886981647,0.5637152684732613,0.8417155295811759,0.07480767549152101,0.5208693743606457,0.12088785651944486,0.0,0.0,0.0013584440990965989,5753.835558918153,-1635.7227139287436,0,5981.82350424462
21,,,,,,,0.840875023033966,0.07834378233740175,0.5203492531272772,0.12660214150709573,0.0,0.0,0.0013584440990965989,,,0,
22,,,,,,,0.8399957234895737,0.08187627486483438,0.5198051260588468,0.13231058582121805,0.0,0.0,0.0013584440990965989,,,0,
23,,,,,,,0.8390776715136755,0.08540499010551936,0.5192370182581572,0.1380129261079745,0.0,0.0,0.0013584440990965989,,,0,
24,,,,,,,0.8381209094597565,0.08892976526541878,0.5186449559343402,0.1437088992951312,0.0,0.0,0.0013584440990965989,,,0,
25,,,,,,,0.8371254814671549,0.09245043773226665,0.5180289664016472,0.14939824260419446,0.0,0.0,0.0013584440990965989,,,0,
26,,,,,,,0.8360914334590277,0.09596684508307109,0.5173890780781895,0.15508069356253423,0.0,0.0,0.0013584440990965989,,,0,
27,,,,,,,0.8350188131402297,0.09947882509160734,0.5167253204846272,0.16075599001549257,0.0,0.0,0.0013584440990965989,,,0,
28,,,,,,,0.8339076699951147,0.10298621573590207,0.5160377242428076,0.166423870138478,0.0,0.0,0.0013584440990965989,,,0,
29,,,,,,,0.8327580552852509,0.10648885520570794,0.5153263210743517,0.17208407244904478,0.0,0.0,0.0013584440990965989,,,0,
30,,,,,,,0.8315700220470568,0.10998658190996884,0.5145911437991914,0.1777363358189559,0.0,0.0,0.0013584440990965989,,,0,
31,,,,,,,0.8303436250893556,0.11347923448427456,0.5138322263340551,0.18338039948623008,0.0,0.0,0.0013584440990965989,,,0,
32,,,,,,,0.8290789209908446,0.11696665179830504,0.5130496036909031,0.18901600306717187,0.0,0.0,0.0013584440990965989,,,0,
33,,,,,,,0.8277759680974859,0.12044867296326439,0.5122433119753129,0.19464288656838397,0.0,0.0,0.0013584440990965989,,,0,
34,,,,,,,0.8264348265198149,0.12392513733930292,0.5114133883848121,0.20026079039876216,0.0,0.0,0.0013584440990965989,,,0,
35,,,,,,,0.8250555581301666,0.12739588454292836,0.5105598712071627,0.20586945538147092,0.0,0.0,0.0013584440990965989,,,0,
36,,,,,,,0.8236382265598219,0.13086075445440495,0.509682799818597,0.21146862276590064,0.0,0.0,0.0013584440990965989,,,0,
37,,,,,,,0.822182897196071,0.13431958722514042,0.5087822146819975,0.2170580342396045,0.0,0.0,0.0013584440990965989,,,0,
38,,,,,,,0.8206896371791974,0.13777222328506036,0.5078581573450325,0.22263743194021576,0.0,0.0,0.0013584440990965989,,,0,
39,,,,,,,0.8191585153993814,0.14121850334997008,0.5069106704382389,0.228206558467344,0.0,0.0,0.0013584440990965989,,,0,
40,,,,,,,0.8175896024935205,0.14465826842890273,0.5059397976730553,0.23376515689444977,0.0,0.0,0.0013584440990965989,,,0,
41,,,,,,,0.8159829708419699,0.14809135983145438,0.5049455838398049,0.2393129707806979,0.0,0.0,0.0013584440990965989,,,0,
42,,,,,,,0.8143386945652061,0.15151761917510514,0.5039280748056302,0.24484974418278824,0.0,0.0,0.0013584440990965989,,,0,
43,,,,,,,0.8126568495204055,0.15493688839252573,0.5028873175123758,0.25037522166676307,0.0,0.0,0.0013584440990965989,,,0,
44,,,,,,,0.8109375132979446,0.15834900973887003,0.5018233599744241,0.25588914831979176,0.0,0.0,0.0013584440990965989,,,0,
45,,,,,,,0.8091807652178215,0.1617538257990524,0.5007362512764791,0.2613912697619301,0.0,0.0,0.0013584440990965989,,,0,
46,,,,,,,0.8073866863259956,0.16515117949500976,0.4996260415713022,0.2668813321578571,0.0,0.0,0.0013584440990965989,,,0,
47,,,,,,,0.8055553593906494,0.16854091409294847,0.49849278207739883,0.2723590822285841,0.0,0.0,0.0013584440990965989,,,0,
48,,,,,,,0.8036868688983693,0.171922873210575,0.49733652507665516,0.2778242672631413,0.0,0.0,0.0013584440990965989,,,0,
49,,,,,,,0.8017813010502484,0.17529690082431026,0.49615732391192624,0.28327663513023416,0.0,0.0,0.0013584440990965989,,,0,
50,,,,,,,0.7998387437579098,0.17866284127648807,0.49495523298457506,0.2887159342898771,0.0,0.0,0.0013584440990965989,,,0,
51,,,,,,,0.7978592866394499,0.18202053928253586,0.49373030775196247,0.29414191380499694,0.0,0.0,0.0013584440990965989,,,0,
52,,,,,,,0.7958430210153065,0.1853698399381387,0.49248260472488964,0.29955432335301035,0.0,0.0,0.0013584440990965989,,,0,
53,,,,,,,0.7937900399040415,0.18871058872638596,0.4912121814649898,0.30495291323737195,0.0,0.0,0.0013584440990965989,,,0,
54,,,,,,,0.7917004380180542,0.1920426315248992,0.4899190965820738,0.310337434399094,0.0,0.0,0.0013584440990965989,,,0,
55,,,,,,,0.7895743117592084,0.1953658146129431,0.48860340973142513,0.31570763842823596,0.0,0.0,0.0013584440990965989,,,0,
56,,,,,,,0.7874117592143873,0.19867998467851689,0.4872651816110487,0.3210632775753651,0.0,0.0,0.0013584440990965989,,,0,
57,,,,,,,0.7852128801509667,0.20198498882542726,0.4859044739588703,0.3264041047629865,0.0,0.0,0.0013584440990965989,,,0,
58,,,,,,,0.782977776012213,0.20528067458034227,0.48452134954988774,0.3317298735969412,0.0,0.0,0.0013584440990965989,,,0,
59,,,,,,,0.780706549912604,0.20856688989982516,0.48311587219327556,0.3370403383777735,0.0,0.0,0.0013584440990965989,,,0,
60,,,,,,,0.7783993066330694,0.21184348317734933,0.48168810672944123,0.3423352541120662,0.0,0.0,0.0013584440990965989,,,0,
61,,,,,,,0.7760561526161599,0.21511030325029198,0.4802381190270334,0.3476143765237431,0.0,0.0,0.0013584440990965989,,,0,
62,,,,,,,0.7736771959611343,0.2183671994069085,0.4787659759799034,0.35287746206533843,0.0,0.0,0.0013584440990965989,,,0,
63,,,,,,,0.7712625464189736,0.22161402139328462,0.4772717455040191,0.3581242679292326,0.0,0.0,0.0013584440990965989,,,0,
64,,,,,,,0.7688123153873175,0.22485061942026893,0.47575549653433147,0.3633545520588542,0.0,0.0,0.0013584440990965989,,,0,
65,,,,,,,0.766326615905325,0.22807684417038285,0.4742172990215943,0.36856807315984663,0.0,0.0,0.0013584440990965989,,,0,
66,,,,,,,0.7638055626484592,0.2312925468047095,0.4726572239291376,0.3737645907112004,0.0,0.0,0.0013584440990965989,,,0,
67,,,,,,,0.761249271923197,0.2344975789697602,0.4710753432295933,0.37894386497634913,0.0,0.0,0.0013584440990965989,,,0,
68,,,,,,,0.758657861661664,0.23769179280431835,0.4694717299015751,0.38410565701422966,0.0,0.0,0.0013584440990965989,,,0,
69,,,,,,,0.7560314514161932,0.2408750409462613,0.4678464579263113,0.38924972869030516,0.0,0.0,0.0013584440990965989,,,0,
70,,,,,,,0.75337016235381,0.24404717653935856,0.46619960228423224,0.39437584268755166,0.0,0.0,0.0013584440990965989,,,0,
71,,,,,,,0.7506741172506414,0.24720805324004674,0.4645312389515108,0.39948376251740597,0.0,0.0,0.0013584440990965989,,,0,
72,,,,,,,0.747943440486253,0.2503575252241813,0.4628414448965575,0.40457325253067616,0.0,0.0,0.0013584440990965989,,,0,
73,,,,,,,0.7451782580379103,0.2534954471937637,0.4611302980764696,0.4096440779284132,0.0,0.0,0.0013584440990965989,,,0,
74,,,,,,,0.7423786974747661,0.25662167438364464,0.4593978774334344,0.4146960047727427,0.0,0.0,0.0013584440990965989,,,0,
75,,,,,,,0.7395448879519769,0.25973606256820286,0.45764426289108784,0.4197287999976579,0.0,0.0,0.0013584440990965989,,,0,
76,,,,,,,0.7366769602047426,0.262838468067999,0.4558695353508263,0.42474223141977124,0.0,0.0,0.0013584440990965989,,,0,
77,,,,,,,0.7337750465422771,0.2659287477564031,0.4540737766880755,0.42973606774902723,0.0,0.0,0.0013584440990965989,,,0,
78,,,,,,,0.730839280841702,0.2690067590661994,0.45225706974851265,0.43471007859937155,0.0,0.0,0.0013584440990965989,,,0,
79,,,,,,,0.7278697985418733,0.27207235999616153,0.4504194983442443,0.4396640344993798,0.0,0.0,0.0013584440990965989,,,0,
80,,,,,,,0.7248667366371297,0.2751254091176052,0.44856114724993995,0.4445977069028449,0.0,0.0,0.0013584440990965989,,,0,
81,,,,,,,0.7218302336709754,0.278165765580912,0.44668210219892096,0.4495108681993199,0.0,0.0,0.0013584440990965989,,,0,
82,,,,,,,0.718760429729686,0.281193289122028,0.44478244987920573,0.45440329172461913,0.0,0.0,0.0013584440990965989,,,0,
83,,,,,,,0.715657466435848,0.284207840068934,0.44286227792950944,0.4592747517712746,0.0,0.0,0.0013584440990965989,,,0,
84,,,,,,,0.7125214869418242,0.28720927934808976,0.4409216749352022,0.46412502359894975,0.0,0.0,0.0013584440990965989,,,0,
85,,,,,,,0.709352635923149,0.29019746849084954,0.4389607304242212,0.46895388344480665,0.0,0.0,0.0013584440990965989,,,0,
86,,,,,,,0.7061510595718543,0.2931722696398507,0.436979534862941,0.4737611085338295,0.0,0.0,0.0013584440990965989,,,0,
87,,,,,,,0.702916905589726,0.2961335455553734,0.4349781796520001,0.4785464770891023,0.0,0.0,0.0013584440990965989,,,0,
88,,,,,,,0.6996503231814879,0.2990811596216717,0.4329567571220833,0.48330976834204,0.0,0.0,0.0013584440990965989,,,0,
89,,,,,,,0.6963514630479206,0.302014975853277,0.4309153605296628,0.4880507625425738,0.0,0.0,0.0013584440990965989,,,0,
90,,,,,,,0.6930204773789077,0.3049348589012709,0.4288540840526964,0.49276924096928876,0.0,0.0,0.0013584440990965989,,,0,
91,,,,,,,0.6896575198464142,0.30784067405952953,0.42677302278628165,0.49746498593951444,0.0,0.0,0.0013584440990965989,,,0,
92,,,,,,,0.6862627455973983,0.3107322872709384,0.42467227273826935,0.502137780819368,0.0,0.0,0.0013584440990965989,,,0,
93,,,,,,,0.6828363112466532,0.31360956513357663,0.422551930824834,0.5067874100337474,0.0,0.0,0.0013584440990965989,,,0,
94,,,,,,,0.6793783748695813,0.3164723749068717,0.420412094866003,0.5114136590762773,0.0,0.0,0.0013584440990965989,,,0,
95,,,,,,,0.6758890959949029,0.3193205845177229,0.4182528635811436,0.5160163145192059,0.0,0.0,0.0013584440990965989,,,0,
96,,,,,,,0.6723686355972947,0.32215406256659473,0.41607433658440873,0.5205951640232497,0.0,0.0,0.0013584440990965989,,,0,
97,,,,,,,0.6688171560899647,0.3249726783335788,0.41387661438014106,0.5251499963473903,0.0,0.0,0.0013584440990965989,,,0,
98,,,,,,,0.6652348213171596,0.32777630178442435,0.4116597983582367,0.5296806013586204,0.0,0.0,0.0013584440990965989,,,0,
99,,,,,,,0.6616217965466047,0.3305648035765373,0.40942399078946723,0.5341867700416372,0.0,0.0,0.0013584440990965989,,,0,
100,,,,,,,0.6579782484618807,0.3333380550649476,0.40716929482076214,0.538668294508485,0.0,0.0,0.0013584440990965989,,,0,
101,,,,,,,0.6543043451547329,0.3360959283082438,0.4048958144704499,0.5431249680081471,0.0,0.0,0.0013584440990965989,,,0,
102,,,,,,,0.6506002561173174,0.33883829607447574,0.4026036546234588,0.5475565849360835,0.0,0.0,0.0013584440990965989,,,0,
103,,,,,,,0.6468661522343809,0.34156503184702414,0.4002929210264792,0.5519629408437156,0.0,0.0,0.0013584440990965989,,,0,
104,,,,,,,0.6431022057753775,0.34427600983043766,0.39796372028308363,0.5563438324478587,0.0,0.0,0.0013584440990965989,,,0,
105,,,,,,,0.6393085903865212,0.34697110495623584,0.3956161598488099,0.5606990576401009,0.0,0.0,0.0013584440990965989,,,0,
106,,,,,,,0.6354854810827748,0.3496501928886793,0.3932503480262033,0.565028415496126,0.0,0.0,0.0013584440990965989,,,0,
107,,,,,,,0.6316330542397759,0.35231315003050584,0.39086639395982015,0.5693317062849842,0.0,0.0,0.0013584440990965989,,,0,
108,,,,,,,0.6277514875856999,0.3549598535286324,0.3884644076311924,0.5736087314783055,0.0,0.0,0.0013584440990965989,,,0,
109,,,,,,,0.6238409601930603,0.35759018127982295,0.386044499853754,0.577859293759459,0.0,0.0,0.0013584440990965989,,,0,
110,,,,,,,0.6199016524704483,0.36020401193632173,0.3836067822677281,0.5820831970326567,0.0,0.0,0.0013584440990965989,,,0,
111,,,,,,,0.6159337461542084,0.3628012249114508,0.3811513673349777,0.5862802464319983,0.0,0.0,0.0013584440990965989,,,0,
112,,,,,,,0.6119374243000556,0.36538170038517415,0.3786783683338162,0.5904502483304636,0.0,0.0,0.0013584440990965989,,,0,
113,,,,,,,0.6079128712746296,0.3679453193096247,0.37618789935378194,0.5945930103488426,0.0,0.0,0.0013584440990965989,,,0,
114,,,,,,,0.6038602727469885,0.3704919634145971,0.3736800752903746,0.5987083413646135,0.0,0.0,0.0013584440990965989,,,0,
115,,,,,,,0.5997798156800448,0.3730215152130035,0.37115501183975513,0.6027960515207578,0.0,0.0,0.0013584440990965989,,,0,
116,,,,,,,0.5956716883219388,0.37553385800629374,0.3686128254934071,0.6068559522345199,0.0,0.0,0.0013584440990965989,,,0,
117,,,,,,,0.5915360801973544,0.37802887588983974,0.3660536335327636,0.6108878562061082,0.0,0.0,0.0013584440990965989,,,0,
118,,,,,,,0.5873731820987755,0.3805064537582819,0.36347755402379595,0.6148915774273339,0.0,0.0,0.0013584440990965989,,,0,
119,,,,,,,0.5831831860776835,0.3829664773108398,0.3608847058115671,0.6188669311901944,0.0,0.0,0.0013584440990965989,,,0,
120,,,,,,,0.5789662854356978,0.38540883305658546,0.3582752085147486,0.6228137340953935,0.0,0.0,0.0013584440990965989,,,0,
121,,,,,,,0.574722674715658,0.3878334083196788,0.3556491825201026,0.626731804060803,0.0,0.0,0.0013584440990965989,,,0,
122,,,,,,,0.5704525496926481,0.39024009124456566,0.35300674897692713,0.6306209603298618,0.0,0.0,0.0013584440990965989,,,0,
123,,,,,,,0.5661561073649655,0.392628770801139,0.35034802979146773,0.6344810234799154,0.0,0.0,0.0013584440990965989,,,0,
124,,,,,,,0.5618335459450322,0.39499933678986027,0.34767314762129276,0.6383118154304941,0.0,0.0,0.0013584440990965989,,,0,
125,,,,,,,0.5574850648502512,0.39735167984684405,0.3449822258696353,0.6421131594515285,0.0,0.0,0.0013584440990965989,,,0,
126,,,,,,,0.5531108646938049,0.39968569144890304,0.34227538867969964,0.645884880171502,0.0,0.0,0.0013584440990965989,,,0,
127,,,,,,,0.5487111472754009,0.4020012639185545,0.33955276092893455,0.6496268035855418,0.0,0.0,0.0013584440990965989,,,0,
128,,,,,,,0.5442861155719635,0.4042982904289886,0.3368144682232713,0.6533387570634464,0.0,0.0,0.0013584440990965989,,,0,
129,,,,,,,0.539835973728267,0.40657666500899586,0.33406063689133,0.65702056935765,0.0,0.0,0.0013584440990965989,,,0,
130,,,,,,,0.5353609270475196,0.40883628254785687,0.3312913939785903,0.6606720706111225,0.0,0.0,0.0013584440990965989,,,0,
131,,,,,,,0.5308611819818913,0.4110770388001908,0.32850686724153166,0.664293092365206,0.0,0.0,0.0013584440990965989,,,0,
132,,,,,,,0.5263369461229892,0.41329883039076515,0.32570718514173835,0.6678834675673858,0.0,0.0,0.0013584440990965989,,,0,
133,,,,,,,0.5217884281922809,0.41550155481926443,0.322892476839974,0.671443030578998,0.0,0.0,0.0013584440990965989,,,0,
134,,,,,,,0.517215838031465,0.41768511046501955,0.3200628721902215,0.6749716171828709,0.0,0.0,0.0013584440990965989,,,0,
135,,,,,,,0.5126193865927904,0.41984939659169523,0.3172185017336935,0.6784690645909014,0.0,0.0,0.0013584440990965989,,,0,
136,,,,,,,0.5079992859293241,0.4219943133519381,0.3143594966928093,0.681935211451564,0.0,0.0,0.0013584440990965989,,,0,
137,,,,,,,0.503355749185168,0.4241197617919826,0.3114859889651418,0.6853698978573552,0.0,0.0,0.0013584440990965989,,,0,
138,,,,,,,0.4986889905856265,0.4262256438562159,0.30859811111733154,0.6887729653521711,0.0,0.0,0.0013584440990965989,,,0,
139,,,,,,,0.49399922542732283,0.4283118623917026,0.3056959963789717,0.6921442569386169,0.0,0.0,0.0013584440990965989,,,0,
140,,,,,,,0.48928667006826704,0.4303783211526656,0.302779778636461,0.69548361708525,0.0,0.0,0.0013584440990965989,,,0,
141,,,,,,,0.48455154191787364,0.4324249248049272,0.2998495924268277,0.6987908917337562,0.0,0.0,0.0013584440990965989,,,0,
142,,,,,,,0.4797940594269324,0.43445157893030656,0.29690557293152214,0.7020659283060554,0.0,0.0,0.0013584440990965989,,,0,
143,,,,,,,0.47501444207753013,0.43645819003097625,0.2939478559701808,0.7053085757113421,0.0,0.0,0.0013584440990965989,,,0,
144,,,,,,,0.47021291037292484,0.43844466553377526,0.2909765779943603,0.7085186843530549,0.0,0.0,0.0013584440990965989,,,0,
145,,,,,,,0.46538968582737317,0.4404109137944802,0.2879918760812418,0.7116961061357792,0.0,0.0,0.0013584440990965989,,,0,
146,,,,,,,0.4605449909559111,0.4423568441020325,0.2849938879273078,0.7148406944720774,0.0,0.0,0.0013584440990965989,,,0,
147,,,,,,,0.45567904926408864,0.4442823666827239,0.2819827518419891,0.7179523042892537,0.0,0.0,0.0013584440990965989,,,0,
148,,,,,,,0.4507920852376582,0.44618739270433777,0.27895860674128464,0.7210307920360456,0.0,0.0,0.0013584440990965989,,,0,
149,,,,,,,0.44588432433221814,0.4480718342802473,0.2759215921413517,0.7240760156892476,0.0,0.0,0.0013584440990965989,,,0,
150,,,,,,,0.4409559929628121,0.44993560447347053,0.27287184815207083,0.7270878347602616,0.0,0.0,0.0013584440990965989,,,0,
151,,,,,,,0.4360073184934828,0.4517786173006806,0.26980951547058085,0.7300661103015801,0.0,0.0,0.0013584440990965989,,,0,
152,,,,,,,0.43103852922678343,0.45360078773617285,0.2667347353747883,0.7330107049131946,0.0,0.0,0.0013584440990965989,,,0,
153,,,,,,,0.42604985439324466,0.4554020317157867,0.26364764971684984,0.7359214827489362,0.0,0.0,0.0013584440990965989,,,0,
154,,,,,,,0.4210415241407997,0.4571822661407849,0.2605484009166279,0.7387983095227417,0.0,0.0,0.0013584440990965989,,,0,
155,,,,,,,0.41601376952416663,0.45894140888168666,0.25743713195512063,0.7416410525148491,0.0,0.0,0.0013584440990965989,,,0,
156,,,,,,,0.4109668224941884,0.46067937878205656,0.2543139863678648,0.7444495805779198,0.0,0.0,0.0013584440990965989,,,0,
157,,,,,,,0.4059009158871325,0.4623960956622486,0.25117910823831485,0.74722376414309,0.0,0.0,0.0013584440990965989,,,0,
158,,,,,,,0.4008162834139492,0.46409148032310543,0.24803264219119495,0.7499634752259475,0.0,0.0,0.0013584440990965989,,,0,
159,,,,,,,0.39571315964948933,0.4657654545496123,0.24487473338582713,0.7526685874324371,0.0,0.0,0.0013584440990965989,,,0,
160,,,,,,,0.3905917800216824,0.4674179411145051,0.24170552750943497,0.7553389759646906,0.0,0.0,0.0013584440990965989,,,0,
161,,,,,,,0.3854523808006755,0.46904886378183297,0.23852517077042193,0.7579745176267836,0.0,0.0,0.0013584440990965989,,,0,
162,,,,,,,0.3802951990879329,0.47065814731047617,0.235333809891626,0.7605750908304217,0.0,0.0,0.0013584440990965989,,,0,
163,,,,,,,0.3751204728052983,0.4722457174576161,0.23213159210355136,0.7631405756005474,0.0,0.0,0.0013584440990965989,,,0,
164,,,,,,,0.3699284406840175,0.47381150098216174,0.22891866513757558,0.7656708535808764,0.0,0.0,0.0013584440990965989,,,0,
165,,,,,,,0.36471934225372526,0.4753554256481273,0.22569517721913437,0.7681658080393562,0.0,0.0,0.0013584440990965989,,,0,
166,,,,,,,0.3594934178313955,0.476877420227966,0.22246127706088328,0.7706253238735536,0.0,0.0,0.0013584440990965989,,,0,
167,,,,,,,0.35425090851025326,0.4783774145058548,0.21921711385583706,0.7730492876159635,0.0,0.0,0.0013584440990965989,,,0,
168,,,,,,,0.34899205614865264,0.47985533928093493,0.21596283727048657,0.7754375874392438,0.0,0.0,0.0013584440990965989,,,0,
169,,,,,,,0.34371710335891925,0.4813111263705034,0.21269859743789435,0.7777901131613748,0.0,0.0,0.0013584440990965989,,,0,
170,,,,,,,0.33842629349615694,0.4827447086131594,0.20942454495076804,0.7801067562507419,0.0,0.0,0.0013584440990965989,,,0,
171,,,,,,,0.33311987064702114,0.4841560198719021,0.20614083085451307,0.7823874098311425,0.0,0.0,0.0013584440990965989,,,0,
172,,,,,,,0.327798079618458,0.48554499503718235,0.2028476066402646,0.7846319686867174,0.0,0.0,0.0013584440990965989,,,0,
173,,,,,,,0.32246116592641066,0.48691157002990587,0.19954502423789786,0.7868403292668046,0.0,0.0,0.0013584440990965989,,,0,
174,,,,,,,0.3171093757844923,0.48825568180439,0.19623323600902015,0.7890123896907159,0.0,0.0,0.0013584440990965989,,,0,
175,,,,,,,0.3117429560926275,0.48957726835127185,0.19291239473994057,0.7911480497524372,0.0,0.0,0.0013584440990965989,,,0,
176,,,,,,,0.30636215442566156,0.4908762687003693,0.18958265363462232,0.7932472109252531,0.0,0.0,0.0013584440990965989,,,0,
177,,,,,,,0.30096721902193946,0.4921526229234937,0.186244166307614,0.7953097763662887,0.0,0.0,0.0013584440990965989,,,0,
178,,,,,,,0.2955583987718525,0.4934062721372145,0.18289708677696342,0.7973356509209818,0.0,0.0,0.0013584440990965989,,,0,
179,,,,,,,0.2901359432063573,0.4946371585055764,0.17954156945711167,0.799324741127469,0.0,0.0,0.0013584440990965989,,,0,
180,,,,,,,0.284700102485463,0.49584522524276636,0.1761777691517696,0.8012769552208996,0.0,0.0,0.0013584440990965989,,,0,
181,,,,,,,0.2792511273866903,0.4970304166157346,0.17280584104677582,0.8031922031376684,0.0,0.0,0.0013584440990965989,,,0,
182,,,,,,,0.27378926929350245,0.4981926779467651,0.16942594070293765,0.8050703965195711,0.0,0.0,0.0013584440990965989,,,0,
183,,,,,,,0.26831478018370825,0.49933195561599836,0.16603822404885435,0.8069114487178802,0.0,0.0,0.0013584440990965989,,,0,
184,,,,,,,0.26282791261783633,0.5004481970639048,0.16264284737372342,0.8087152747973426,0.0,0.0,0.0013584440990965989,,,0,
185,,,,,,,0.25732891972748445,0.5015413507937103,0.15923996732013035,0.8104817915400981,0.0,0.0,0.0013584440990965989,,,0,
186,,,,,,,0.25181805520364064,0.5026113663737706,0.15582974087682228,0.8122109174495182,0.0,0.0,0.0013584440990965989,,,0,
187,,,,,,,0.24629557328498028,0.5036581944398992,0.1524123253714651,0.8139025727539664,0.0,0.0,0.0013584440990965989,,,0,
188,,,,,,,0.24076172874613627,0.5046817866976441,0.1489878784633857,0.815556679410478,0.0,0.0,0.0013584440990965989,,,0,
189,,,,,,,0.23521677688594578,0.5056820959245166,0.14555655813629798,0.8171731611083609,0.0,0.0,0.0013584440990965989,,,0,
190,,,,,,,0.22966097351567194,0.5066590759721683,0.14211852269101494,0.8187519432727157,0.0,0.0,0.0013584440990965989,,,0,
191,,,,,,,0.2240945749472024,0.5076126817685218,0.13867393073814527,0.820292953067877,0.0,0.0,0.0013584440990965989,,,0,
192,,,,,,,0.2185178379812245,0.5085428693198486,0.13522294119077627,0.8217961194007718,0.0,0.0,0.0013584440990965989,,,0,
193,,,,,,,0.212931019895378,0.5094495957128001,0.13176571325714226,0.8232613729242014,0.0,0.0,0.0013584440990965989,,,0,
194,,,,,,,0.2073343784323861,0.5103328191163871,0.1283024064332799,0.8246886460400397,0.0,0.0,0.0013584440990965989,,,0,
195,,,,,,,0.2017281717881642,0.5111924987839076,0.12483318049566966,0.8260778729023511,0.0,0.0,0.0013584440990965989,,,0,
196,,,,,,,0.19611265859990887,0.5120285950548299,0.12135819549386516,0.8274289894204302,0.0,0.0,0.0013584440990965989,,,0,
197,,,,,,,0.1904880979341652,0.5128410693566199,0.11787761174310893,0.8287419332617564,0.0,0.0,0.0013584440990965989,,,0,
198,,,,,,,0.18485474927487566,0.5136298842065213,0.11439158981693681,0.8300166438548708,0.0,0.0,0.0013584440990965989,,,0,
199,,,,,,,0.17921287251140844,0.5143950032132856,0.11090029053976976,0.8312530623921701,0.0,0.0,0.0013584440990965989,,,0,
200,,,,,,,0.1735627279265682,0.515136391078849,0.10740387497949452,0.8324511318326203,0.0,0.0,0.0013584440990965989,,,0,
201,,,,,,,0.1679045761845879,0.5158540135999634,0.10390250444003288,0.8336107969043871,0.0,0.0,0.0013584440990965989,,,0,
202,,,,,,,0.1622386783191034,0.5165478376697721,0.10039634045389999,0.8347320041073869,0.0,0.0,0.0013584440990965989,,,0,
203,,,,,,,0.15656529572111072,0.5172178312793387,0.09688554477475238,0.8358147017157549,0.0,0.0,0.0013584440990965989,,,0,
204,,,,,,,0.15088469012690717,0.5178639635191232,0.09337027936992531,0.8368588397802303,0.0,0.0,0.0013584440990965989,,,0,
205,,,,,,,0.1451971236060164,0.5184862045804075,0.08985070641296088,0.8378643701304622,0.0,0.0,0.0013584440990965989,,,0,
206,,,,,,,0.1395028585490982,0.5190845257566713,0.0863269882761261,0.8388312463772305,0.0,0.0,0.0013584440990965989,,,0,
207,,,,,,,0.1338021576558428,0.5196588994449164,0.08279928752292201,0.8397594239145872,0.0,0.0,0.0013584440990965989,,,0,
208,,,,,,,0.12809528392285224,0.5202092991469397,0.07926776690058407,0.8406488599219136,0.0,0.0,0.0013584440990965989,,,0,
209,,,,,,,0.1223825006315065,0.5207356994705566,0.07573258933257385,0.8414995133658957,0.0,0.0,0.0013584440990965989,,,0,
210,,,,,,,0.11666407133581783,0.5212380761307706,0.0721939179110628,0.8423113450024179,0.0,0.0,0.0013584440990965989,,,0,
211,,,,,,,0.11094025985027163,0.5217164059508964,0.06865191588940806,0.8430843173783722,0.0,0.0,0.0013584440990965989,,,0,
212,,,,,,,0.10521133023765569,0.522170666863626,0.06510674667462091,0.8438183948333879,0.0,0.0,0.0013584440990965989,,,0,
213,,,,,,,0.0994775467968779,0.5226008379120496,0.06155857381982825,0.8445135435014754,0.0,0.0,0.0013584440990965989,,,0,
214,,,,,,,0.09373917405077305,0.5230068992506203,0.05800756101672712,0.8451697313125884,0.0,0.0,0.0013584440990965989,,,0,
215,,,,,,,0.0879964767338994,0.5233888321460715,0.05445387208803297,0.8457869279941047,0.0,0.0,0.0013584440990965989,,,0,
216,,,,,,,0.08224971978032514,0.5237466189782788,0.05089767097992186,0.8463651050722222,0.0,0.0,0.0013584440990965989,,,0,
217,,,,,,,0.07649916831140627,0.5240802432410755,0.04733912175446696,0.8469042358732713,0.0,0.0,0.0013584440990965989,,,0,
218,,,,,,,0.07074508762355518,0.5243896895430122,0.043778388582069644,0.8474042955249476,0.0,0.0,0.0013584440990965989,,,0,
219,,,,,,,0.06498774317600152,0.5246749436080678,0.04021563573388569,0.847865260957458,0.0,0.0,0.0013584440990965989,,,0,
220,,,,,,,0.0592274005785455,0.5249359922763075,0.036651027574246736,0.8482871109045849,0.0,0.0,0.0013584440990965989,,,0,
221,,,,,,,0.05346432557930428,0.5251728235044912,0.03308472855307756,0.8486698259046681,0.0,0.0,0.0013584440990965989,,,0,
222,,,,,,,0.047698784052451815,0.5253854263666269,0.029516903198309217,0.8490133883015023,0.0,0.0,0.0013584440990965989,,,0,
223,,,,,,,0.04193104198595309,0.5255737910544765,0.02594771610828886,0.849317782245152,0.0,0.0,0.0013584440990965989,,,0,
224,,,,,,,0.03616136546929288,0.5257379088780083,0.022377331944185962,0.8495829936926812,0.0,0.0,0.0013584440990965989,,,0,
225,,,,,,,0.03039002068120015,0.5258777722657967,0.01880591542239595,0.8498090104088032,0.0,0.0,0.0013584440990965989,,,0,
226,,,,,,,0.024617273877368003,0.525993374765373,0.015233631306941133,0.8499958219664439,0.0,0.0,0.0013584440990965989,,,0,
227,,,,,,,0.018843391378170246,0.5260847110435216,0.01166064440186944,0.8501434197472233,0.0,0.0,0.0013584440990965989,,,0,
228,,,,,,,0.013068639556374929,0.5261517768865268,0.008087119543651353,0.8502517969418532,0.0,0.0,0.0013584440990965989,,,0,
229,,,,,,,0.007293284824855558,0.5261945692003676,0.004513221593575359,0.8503209485504513,0.0,0.0,0.0013584440990965989,,,0,
230,,,,,,,0.0015175936243002853,0.5262130860108598,0.000939115430142144,0.8503508713827709,0.0,0.0,0.0013584440990965989,,,0,
231,,,,,,,-0.004258167589080045,0.5262073264637467,-0.002635034058541818,0.8503415640583496,0.0,0.0,0.0013584440990965989,,,0,
232,,,,,,,-0.010033732355844618,0.5261772908247404,-0.006209061982371325,0.850293027006572,0.0,0.0,0.0013584440990965989,,,0,
233,,,,,,,-0.015808834225615458,0.5261229804795067,-0.009782803456849419,0.8502052624666501,0.0,0.0,0.0013584440990965989,,,0,
234,,,,,,,-0.021583206769369964,0.5260443979336035,-0.013356093610694252,0.8500782744875202,0.0,0.0,0.0013584440990965989,,,0,
235,,,,,,,-0.027356583591732247,0.5259415468123645,-0.016928767593445217,0.8499120689276557,0.0,0.0,0.0013584440990965989,,,0,
236,,,,,,,-0.033128698343263194,0.5258144318607313,-0.020500660583068205,0.8497066534547976,0.0,0.0,0.0013584440990965989,,,0,
237,,,,,,,-0.03889928473274816,0.5256630589430352,-0.02407160779355951,0.8494620375455997,0.0,0.0,0.0013584440990965989,,,0,
238,,,,,,,-0.04466807653948203,0.5254874350427273,-0.027641444482548058,0.8491782324851923,0.0,0.0,0.0013584440990965989,,,0,
239,,,,,,,-0.05043480762555111,0.5252875682620544,-0.03121000595889569,0.8488552513666606,0.0,0.0,0.0013584440990965989,,,0,
240,,,,,,,-0.05619921194811123,0.5250634678216866,-0.03477712759029497,0.8484931090904422,0.0,0.0,0.0013584440990965989,,,0,
241,,,,,,,-0.06196102357166124,0.5248151440602922,-0.03834264481086442,0.8480918223636382,0.0,0.0,0.0013584440990965989,,,0,
242,,,,,,,-0.06771997668031188,0.5245426084340593,-0.041906393128740546,0.8476514096992429,0.0,0.0,0.0013584440990965989,,,0,
243,,,,,,,-0.07347580559004868,0.5242458735161692,-0.04546820813366662,0.84717189141529,0.0,0.0,0.0013584440990965989,,,0,
244,,,,,,,-0.07922824476098933,0.5239249529962142,-0.04902792550457749,0.8466532896339146,0.0,0.0,0.0013584440990965989,,,0,
245,,,,,,,-0.08497702880963404,0.5235798616795685,-0.05258538101718041,0.8460956282803345,0.0,0.0,0.0013584440990965989,,,0,
246,,,,,,,-0.0907218925211087,0.5232106154867022,-0.056140410551531426,0.8454989330817434,0.0,0.0,0.0013584440990965989,,,0,
247,,,,,,,-0.09646257086140025,0.5228172314524497,-0.05969285009960679,0.844863231566126,0.0,0.0,0.0013584440990965989,,,0,
248,,,,,,,-0.10219879898958402,0.5223997277252219,-0.06324253577286948,0.8441885530609882,0.0,0.0,0.0013584440990965989,,,0,
249,,,,,,,-0.10793031227004175,0.52195812356617,-0.0667893038098299,0.8434749286920035,0.0,0.0,0.0013584440990965989,,,0,
250,,,,,,,-0.11365684628467036,0.5214924393482961,-0.07033299058360101,0.8427223913815766,0.0,0.0,0.0013584440990965989,,,0,
251,,,,,,,-0.11937813684508052,0.5210026965555141,-0.0738734326094469,0.8419309758473243,0.0,0.0,0.0013584440990965989,,,0,
252,,,,,,,-0.12509392000478498,0.5204889177816577,-0.07741046655232517,0.8411007186004766,0.0,0.0,0.0013584440990965989,,,0,
253,,,,,,,-0.13080393207137536,0.5199511267294389,-0.08094392923442223,0.8402316579441882,0.0,0.0,0.0013584440990965989,,,0,
254,,,,,,,-0.13650790961868714,0.5193893482093542,-0.0844736576426813,0.8393238339717746,0.0,0.0,0.0013584440990965989,,,0,
255,,,,,,,-0.14220558949895318,0.5188036081385393,-0.0879994889363229,0.8383772885648613,0.0,0.0,0.0013584440990965989,,,0,
256,,,,,,,-0.1478967088549431,0.5181939335395743,-0.09152126045435736,0.8373920653914508,0.0,0.0,0.0013584440990965989,,,0,
257,,,,,,,-0.1535810051320905,0.5175603525392376,-0.09503880972308905,0.8363682099039106,0.0,0.0,0.0013584440990965989,,,0,
258,,,,,,,-0.1592582160906053,0.5169028943672064,-0.09855197446361182,0.8353057693368721,0.0,0.0,0.0013584440990965989,,,0,
259,,,,,,,-0.16492807981757224,0.5162215893547097,-0.10206059259929583,0.8342047927050557,0.0,0.0,0.0013584440990965989,,,0,
260,,,,,,,-0.1705903347390336,0.5155164689331286,-0.10556450226326462,0.8330653308010073,0.0,0.0,0.0013584440990965989,,,0,
261,,,,,,,-0.1762447196320572,0.5147875656325464,-0.10906354180586281,0.8318874361927552,0.0,0.0,0.0013584440990965989,,,0,
262,,,,,,,-0.18189097363678722,0.5140349130802472,-0.11255754980211348,0.8306711632213855,0.0,0.0,0.0013584440990965989,,,0,
263,,,,,,,-0.1875288362684789,0.5132585459991658,-0.1160463650591656,0.8294165679985351,0.0,0.0,0.0013584440990965989,,,0,
264,,,,,,,-0.19315804742951595,0.512458500206284,-0.11952982662373038,0.8281237084038023,0.0,0.0,0.0013584440990965989,,,0,
265,,,,,,,-0.19877834742140937,0.5116348126109802,-0.12300777378950659,0.8267926440820775,0.0,0.0,0.0013584440990965989,,,0,
266,,,,,,,-0.20438947695677917,0.5107875212133252,-0.12648004610459485,0.825423436440791,0.0,0.0,0.0013584440990965989,,,0,
267,,,,,,,-0.20999117717131566,0.5099166651023291,-0.12994648337889989,0.8240161486470797,0.0,0.0,0.0013584440990965989,,,0,
268,,,,,,,-0.21558318963572248,0.5090222844541397,-0.13340692569152038,0.822570845624874,0.0,0.0,0.0013584440990965989,,,0,
269,,,,,,,-0.2211652563676385,0.5081044205301863,-0.13686121339812743,0.8210875940519012,0.0,0.0,0.0013584440990965989,,,0,
270,,,,,,,-0.2267371198435399,0.5071631156752784,-0.14030918713832893,0.819566462356611,0.0,0.0,0.0013584440990965989,,,0,
271,,,,,,,-0.23229852301062065,0.5061984133156512,-0.1437506878430219,0.8180075207150171,0.0,0.0,0.0013584440990965989,,,0,
272,,,,,,,-0.23784920929865144,0.5052103579569622,-0.14718555674173103,0.8164108410474608,0.0,0.0,0.0013584440990965989,,,0,
273,,,,,,,-0.24338892263181655,0.5041989951822377,-0.15061363536993314,0.8147764970152924,0.0,0.0,0.0013584440990965989,,,0,
274,,,,,,,-0.2489174074405274,0.5031643716497706,-0.1540347655763681,0.8131045640174727,0.0,0.0,0.0013584440990965989,,,0,
275,,,,,,,-0.2544344086732128,0.5021065350909681,-0.15744878953033456,0.8113951191870955,0.0,0.0,0.0013584440990965989,,,0,
276,,,,,,,-0.2599396718080861,0.5010255343081486,-0.16085554972897195,0.8096482413878288,0.0,0.0,0.0013584440990965989,,,0,
277,,,,,,,-0.2654329428648868,0.49992141917229016,-0.16425488900452612,0.8078640112102753,0.0,0.0,0.0013584440990965989,,,0,
278,,,,,,,-0.27091396841659804,0.49879424062073074,-0.16764665053160066,0.8060425109682562,0.0,0.0,0.0013584440990965989,,,0,
279,,,,,,,-0.27638249560113815,0.497644050654818,-0.17103067783439121,0.8041838246950125,0.0,0.0,0.0013584440990965989,,,0,
280,,,,,,,-0.2818382721330259,0.4964709023375097,-0.17440681479390516,0.8022880381393287,0.0,0.0,0.0013584440990965989,,,0,
281,,,,,,,-0.28728104631502005,0.49527484979092634,-0.1777749056551635,0.8003552387615769,0.0,0.0,0.0013584440990965989,,,0,
282,,,,,,,-0.2927105670497305,0.49405594819385384,-0.18113479503438648,0.7983855157296815,0.0,0.0,0.0013584440990965989,,,0,
283,,,,,,,-0.29812658385120305,0.49281425377919846,-0.1844863279261623,0.7963789599150062,0.0,0.0,0.0013584440990965989,,,0,
284,,,,,,,-0.30352884685647497,0.49154982383139145,-0.18782934971059798,0.7943356638881608,0.0,0.0,0.0013584440990965989,,,0,
285,,,,,,,-0.3089171068371022,0.49026271668374755,-0.19116370616045264,0.792255721914731,0.0,0.0,0.0013584440990965989,,,0,
286,,,,,,,-0.31429111521065745,0.48895299171577317,-0.1944892434482527,0.7901392299509304,0.0,0.0,0.0013584440990965989,,,0,
287,,,,,,,-0.3196506240521983,0.48762070935042706,-0.19780580815338852,0.7879862856391723,0.0,0.0,0.0013584440990965989,,,0,
288,,,,,,,-0.32499538610570455,0.48626593105133303,-0.2011132472691923,0.7857969883035653,0.0,0.0,0.0013584440990965989,,,0,
289,,,,,,,-0.33032515479548613,0.48488871931994393,-0.20441140820999704,0.7835714389453322,0.0,0.0,0.0013584440990965989,,,0,
290,,,,,,,-0.33563968423755736,0.4834891376926582,-0.2077001388181757,0.7813097402381489,0.0,0.0,0.0013584440990965989,,,0,
291,,,,,,,-0.340938729250982,0.48206725073788936,-0.210979287371161,0.7790119965234087,0.0,0.0,0.0013584440990965989,,,0,
292,,,,,,,-0.3462220453691832,0.4806231240530864,-0.21424870258844494,0.776678313805408,0.0,0.0,0.0013584440990965989,,,0,
293,,,,,,,-0.35148938885122233,0.47915682426170775,-0.2175082336385582,0.7743087997464562,0.0,0.0,0.0013584440990965989,,,0,
294,,,,,,,-0.3567405166930437,0.47766841901014806,-0.2207577301460282,0.7719035636619086,0.0,0.0,0.0013584440990965989,,,0,
295,,,,,,,-0.3619751866386853,0.4761579769646169,-0.22399704219831687,0.7694627165151238,0.0,0.0,0.0013584440990965989,,,0,
296,,,,,,,-0.36719315719145523,0.47462556780797155,-0.22722602035273673,0.766986370912343,0.0,0.0,0.0013584440990965989,,,0,
297,,,,,,,-0.37239418762507226,0.47307126223650087,-0.23044451564334492,0.7644746410974976,0.0,0.0,0.0013584440990965989,,,0,
298,,,,,,,-0.37757803799477263,0.47149513195666554,-0.23365237958781623,0.7619276429469362,0.0,0.0,0.0013584440990965989,,,0,
299,,,,,,,-0.38274446914837856,0.4698972496817887,-0.23684946419429254,0.7593454939640799,0.0,0.0,0.0013584440990965989,,,0,
300,,,,,,,-0.38789324273733206,0.4682776891287019,-0.2400356219682108,0.756728313274001,0.0,0.0,0.0013584440990965989,,,0,
301,,,,,,,-0.3930241212276905,0.4666365250143444,-0.2432107059191073,0.7540762216179276,0.0,0.0,0.0013584440990965989,,,0,
302,,,,,,,-0.3981368679110854,0.4649738330523156,-0.24637456956739878,0.7513893413476731,0.0,0.0,0.0013584440990965989,,,0,
303,,,,,,,-0.40323124691564216,0.46328968994938247,-0.24952706695114066,0.7486677964199918,0.0,0.0,0.0013584440990965989,,,0,
304,,,,,,,-0.40830702321686285,0.4615841734019409,-0.25266805263276026,0.7459117123908597,0.0,0.0,0.0013584440990965989,,,0,
305,,,,,,,-0.4133639626484676,0.45985736209243055,-0.2557973817057671,0.7431212164096835,0.0,0.0,0.0013584440990965989,,,0,
306,,,,,,,-0.4184018319131985,0.4581093356857058,-0.25891490980143717,0.7402964372134326,0.0,0.0,0.0013584440990965989,,,0,
307,,,,,,,-0.4234203985935821,0.45634017482535993,-0.26202049309547387,0.7374375051207017,0.0,0.0,0.0013584440990965989,,,0,
308,,,,,,,-0.428419431162652,0.45454996113000484,-0.2651139883146432,0.734544552025698,0.0,0.0,0.0013584440990965989,,,0,
309,,,,,,,-0.4333986989946302,0.45273877718950556,-0.2681952527433833,0.7316177113921565,0.0,0.0,0.0013584440990965989,,,0,
310,,,,,,,-0.4383579723755665,0.45090670656117027,-0.2712641442303885,0.728657118247182,0.0,0.0,0.0013584440990965989,,,0,
311,,,,,,,-0.44329702251393677,0.449053833765895,-0.2743205211951676,0.7256629091750209,0.0,0.0,0.0013584440990965989,,,0,
312,,,,,,,-0.4482156215511972,0.4471802442842654,-0.2773642426345753,0.7226352223107599,0.0,0.0,0.0013584440990965989,,,0,
313,,,,,,,-0.45311354257229663,0.4452860245526117,-0.2803951681293173,0.719574197333952,0.0,0.0,0.0013584440990965989,,,0,
314,,,,,,,-0.4579905596161455,0.44337126195902177,-0.28341315785042864,0.7164799754621747,0.0,0.0,0.0013584440990965989,,,0,
315,,,,,,,-0.46284644768603994,0.44143604483930987,-0.2864180725657243,0.7133526994445127,0.0,0.0,0.0013584440990965989,,,0,
316,,,,,,,-0.467680982760042,0.4394804624729411,-0.28940977364622256,0.7101925135549734,0.0,0.0,0.0013584440990965989,,,0,
317,,,,,,,-0.4724939418013148,0.43750460507891237,-0.29238812307254064,0.7069995635858313,0.0,0.0,0.0013584440990965989,,,0,
318,,,,,,,-0.47728510276841124,0.4355085638115903,-0.29535298344126215,0.7037739968409021,0.0,0.0,0.0013584440990965989,,,0,
319,,,,,,,-0.48205424462551877,0.4334924307565063,-0.29830421797127604,0.7005159621287455,0.0,0.0,0.0013584440990965989,,,0,
320,,,,,,,-0.48680114735265645,0.43145629892610743,-0.30124169051008653,0.6972256097558014,0.0,0.0,0.0013584440990965989,,,0,
321,,,,,,,-0.4915255919558249,0.42940026225546635,-0.30416526554009493,0.6939030915194557,0.0,0.0,0.0013584440990965989,,,0,
322,,,,,,,-0.4962273604771097,0.427324415597947,-0.30707480818485133,0.6905485607010371,0.0,0.0,0.0013584440990965989,,,0,
323,,,,,,,-0.5009062360047364,0.42522885472082883,-0.309970184215277,0.6871621720587441,0.0,0.0,0.0013584440990965989,,,0,
324,,,,,,,-0.5055620026830782,0.4231136763008891,-0.312851260055857,0.6837440818205078,0.0,0.0,0.0013584440990965989,,,0,
325,,,,,,,-0.5101944457226142,0.42097897791994193,-0.3157179027908023,0.6802944476767827,0.0,0.0,0.0013584440990965989,,,0,
326,,,,,,,-0.5148033514098371,0.41882485806033726,-0.3185699801701823,0.6768134287732731,0.0,0.0,0.0013584440990965989,,,0,
327,,,,,,,-0.5193885071171149,0.41665141610041684,-0.3214073606160252,0.67330118570359,0.0,0.0,0.0013584440990965989,,,0,
328,,,,,,,-0.5239497013124984,0.41445875230992985,-0.3242299132283893,0.6697578805018424,0.0,0.0,0.0013584440990965989,,,0,
329,,,,,,,-0.5284867235694802,0.4122469678454074,-0.3270375077914009,0.6661836766351623,0.0,0.0,0.0013584440990965989,,,0,
330,,,,,,,-0.5329993645767048,0.41001616474549457,-0.32983001477926266,0.6625787389961637,0.0,0.0,0.0013584440990965989,,,0,
331,,,,,,,-0.5374874161476216,0.40776644592624434,-0.3326073053622282,0.6589432338953345,0.0,0.0,0.0013584440990965989,,,0,
332,,,,,,,-0.5419506712300917,0.405497915176369,-0.3353692514125465,0.6552773290533648,0.0,0.0,0.0013584440990965989,,,0,
333,,,,,,,-0.5463889239159394,0.4032106771524519,-0.33811572551037195,0.6515811935934085,0.0,0.0,0.0013584440990965989,,,0,
334,,,,,,,-0.550801969450452,0.400904837374119,-0.34084660094964375,0.6478549980332812,0.0,0.0,0.0013584440990965989,,,0,
335,,,,,,,-0.5551896042418255,0.39858050221917135,-0.3435617517439303,0.6440989142775941,0.0,0.0,0.0013584440990965989,,,0,
336,,,,,,,-0.5595516258705564,0.39623777891867723,-0.3462610526322426,0.6403131156098227,0.0,0.0,0.0013584440990965989,,,0,
337,,,,,,,-0.5638878330987817,0.3938767755520251,-0.3489443790848122,0.6364977766843123,0.0,0.0,0.0013584440990965989,,,0,
338,,,,,,,-0.5681980258795617,0.39149760104193765,-0.35161160730883695,0.6326530735182213,0.0,0.0,0.0013584440990965989,,,0,
339,,,,,,,-0.5724820053661096,0.3891003651494463,-0.354262614254191,0.6287791834834002,0.0,0.0,0.0013584440990965989,,,0,
340,,,,,,,-0.5767395739209645,0.38668517846882816,-0.356897277619103,0.6248762852982086,0.0,0.0,0.0013584440990965989,,,0,
341,,,,,,,-0.5809705351251104,0.38425215242250316,-0.3595154758557972,0.620944559019271,0.0,0.0,0.0013584440990965989,,,0,
342,,,,,,,-0.585174693787036,0.3818013992558938,-0.36211708817610183,0.6169841860331698,0.0,0.0,0.0013584440990965989,,,0,
343,,,,,,,-0.5893518559517412,0.3793330320322476,-0.36470199455702074,0.6129953490480768,0.0,0.0,0.0013584440990965989,,,0,
344,,,,,,,-0.5935018289096846,0.37684716462741996,-0.3672700757462713,0.6089782320853233,0.0,0.0,0.0013584440990965989,,,0,
345,,,,,,,-0.5976244212056736,0.3743439117246212,-0.3698212132677855,0.6049330204709122,0.0,0.0,0.0013584440990965989,,,0,
346,,,,,,,-0.6017194426476972,0.37182338880912574,-0.37235528942717583,0.600859900826967,0.0,0.0,0.0013584440990965989,,,0,
347,,,,,,,-0.6057867043157008,0.369285712162944,-0.37487218731716515,0.5967590610631234,0.0,0.0,0.0013584440990965989,,,0,
348,,,,,,,-0.6098260185703012,0.366730998859458,-0.37737179082298,0.5926306903678576,0.0,0.0,0.0013584440990965989,,,0,
349,,,,,,,-0.6138371990614439,0.3641593667580204,-0.3798539846277074,0.5884749791997624,0.0,0.0,0.0013584440990965989,,,0,
350,,,,,,,-0.6178200607369996,0.3615709344985173,-0.3823186542176151,0.5842921192787564,0.0,0.0,0.0013584440990965989,,,0,
351,,,,,,,-0.6217744198513009,0.3589658214958942,-0.38476568588743393,0.5800823035772417,0.0,0.0,0.0013584440990965989,,,0,
352,,,,,,,-0.6257000939736208,0.35634414793464764,-0.38719496674560455,0.5758457263112003,0.0,0.0,0.0013584440990965989,,,0,
353,,,,,,,-0.6295969019965878,0.35370603476328033,-0.3896063847194849,0.5715825829312348,0.0,0.0,0.0013584440990965989,,,0,
354,,,,,,,-0.6334646641445407,0.35105160368872146,-0.39199982856052035,0.5672930701135509,0.0,0.0,0.0013584440990965989,,,0,
355,,,,,,,-0.6373032019818241,0.3483809771707112,-0.3943751878493767,0.5629773857508836,0.0,0.0,0.0013584440990965989,,,0,
356,,,,,,,-0.6411123384210183,0.3456942784161521,-0.3967323530010339,0.5586357289433692,0.0,0.0,0.0013584440990965989,,,0,
357,,,,,,,-0.644891897731111,0.3429916313734244,-0.3990712152698416,0.554268299989358,0.0,0.0,0.0013584440990965989,,,0,
358,,,,,,,-0.6486417055456036,0.3402731607266681,-0.4013916667545364,0.5498753003761748,0.0,0.0,0.0013584440990965989,,,0,
359,,,,,,,-0.6523615888705545,0.3375389918900303,-0.40369360040321917,0.5454569327708232,0.0,0.0,0.0013584440990965989,,,0,
360,,,,,,,-0.6560513760925621,0.3347892510018803,-0.40597691001829445,0.5410134010106366,0.0,0.0,0.0013584440990965989,,,0,
361,,,,,,,-0.6597108969866798,0.33202406491898895,-0.4082414902613691,0.5365449100938724,0.0,0.0,0.0013584440990965989,,,0,
362,,,,,,,-0.663339982724271,0.32924356121067766,-0.4104872366581127,0.5320516661702565,0.0,0.0,0.0013584440990965989,,,0,
363,,,,,,,-0.6669384658807969,0.32644786815293186,-0.41271404560307723,0.527533876531472,0.0,0.0,0.0013584440990965989,,,0,
364,,,,,,,-0.6705061804435407,0.3236371147224843,-0.41492181436447606,0.5229917496015961,0.0,0.0,0.0013584440990965989,,,0,
365,,,,,,,-0.6740429618192664,0.32081143059086337,-0.4171104410889244,0.5184254949274838,0.0,0.0,0.0013584440990965989,,,0,
366,,,,,,,-0.6775486468418123,0.3179709461184125,-0.4192798248061374,0.5138353231691023,0.0,0.0,0.0013584440990965989,,,0,
367,,,,,,,-0.6810230737796176,0.31511579234827464,-0.421429865433589,0.5092214460898115,0.0,0.0,0.0013584440990965989,,,0,
368,,,,,,,-0.684466082343186,0.3122461010003478,-0.4235604637811286,0.5045840765465942,0.0,0.0,0.0013584440990965989,,,0,
369,,,,,,,-0.6878775136924778,0.30936200446520723,-0.4256715215555575,0.4999234284802366,0.0,0.0,0.0013584440990965989,,,0,
370,,,,,,,-0.6912572104442399,0.30646363579799873,-0.42776294136516335,0.4952397169054578,0.0,0.0,0.0013584440990965989,,,0,
371,,,,,,,-0.6946050166792649,0.30355112871229983,-0.42983462672421313,0.4905331579009913,0.0,0.0,0.0013584440990965989,,,0,
372,,,,,,,-0.697920777949586,0.30062461757395065,-0.4318864820574047,0.48580396859961555,0.0,0.0,0.0013584440990965989,,,0,
373,,,,,,,-0.7012043412856008,0.2976842373948557,-0.4339184127042761,0.48105236717813676,0.0,0.0,0.0013584440990965989,,,0,
374,,,,,,,-0.7044555552031292,0.29473012382675495,-0.43593032492357225,0.4762785728473243,0.0,0.0,0.0013584440990965989,,,0,
375,,,,,,,-0.7076742697104019,0.2917624131549656,-0.43792212589756974,0.4714828058417962,0.0,0.0,0.0013584440990965989,,,0,
376,,,,,,,-0.7108603363149802,0.28878124229209456,-0.4398937237363594,0.46666528740986035,0.0,0.0,0.0013584440990965989,,,0,
377,,,,,,,-0.7140136080306062,0.28578674877172267,-0.4418450274820849,0.46182623980330645,0.0,0.0,0.0013584440990965989,,,0,
378,,,,,,,-0.7171339393839841,0.282779070742059,-0.44377594711313945,0.45696588626715284,0.0,0.0,0.0013584440990965989,,,0,
379,,,,,,,-0.7202211864214914,0.27975834695956814,-0.44568639354831846,0.4520844510293475,0.0,0.0,0.0013584440990965989,,,0,
380,,,,,,,-0.7232752067158199,0.2767247167825683,-0.4475762786509293,0.44718215929042354,0.0,0.0,0.0013584440990965989,,,0,
381,,,,,,,-0.7262958593725475,0.2736783201648026,-0.44944551523285803,0.442259237213109,0.0,0.0,0.0013584440990965989,,,0,
382,,,,,,,-0.7292830050366371,0.27061929764898174,-0.4512940170585906,0.4373159119118943,0.0,0.0,0.0013584440990965989,,,0,
383,,,,,,,-0.7322365058988655,0.2675477903603009,-0.45312169884919273,0.4323524114425536,0.0,0.0,0.0013584440990965989,,,0,
384,,,,,,,-0.7351562257021815,0.2644639399999289,-0.45492847628624256,0.4273689647916238,0.0,0.0,0.0013584440990965989,,,0,
385,,,,,,,-0.7380420297479927,0.26136788883847084,-0.45671426601572185,0.4223658018658408,0.0,0.0,0.0013584440990965989,,,0,
386,,,,,,,-0.7408937849023784,0.25825977970940456,-0.45847898565186057,0.4173431534815326,0.0,0.0,0.0013584440990965989,,,0,
387,,,,,,,-0.7437113596022332,0.2551397560024908,-0.46022255378093857,0.41230125135397105,0.0,0.0,0.0013584440990965989,,,0,
388,,,,,,,-0.7464946238613346,0.25200796165715894,-0.4619448899650409,0.4072403280866816,0.0,0.0,0.0013584440990965989,,,0,
389,,,,,,,-0.7492434492763408,0.24886454115586576,-0.4636459147457687,0.4021606171607127,0.0,0.0,0.0013584440990965989,,,0,
390,,,,,,,-0.7519577090327152,0.2457096395174298,-0.46532554964790546,0.397062352923864,0.0,0.0,0.0013584440990965989,,,0,
391,,,,,,,-0.7546372779105759,0.2425434022903416,-0.4669837171830367,0.3919457705798753,0.0,0.0,0.0013584440990965989,,,0,
392,,,,,,,-0.7572820322904722,0.23936597554604866,-0.46862034085312554,0.3868111061775752,0.0,0.0,0.0013584440990965989,,,0,
393,,,,,,,-0.7598918501590883,0.2361775058722166,-0.4702353451540415,0.38165859659999185,0.0,0.0,0.0013584440990965989,,,0,
394,,,,,,,-0.7624666111148736,0.23297814036596629,-0.4718286555790437,0.3764884795534239,0.0,0.0,0.0013584440990965989,,,0,
395,,,,,,,-0.7650061963735941,0.2297680266270881,-0.4734001986222184,0.37130099355647456,0.0,0.0,0.0013584440990965989,,,0,
396,,,,,,,-0.7675104887738163,0.22654731275123197,-0.47494990178186985,0.3660963779290473,0.0,0.0,0.0013584440990965989,,,0,
397,,,,,,,-0.7699793727823084,0.22331614732307553,-0.47647769356386566,0.36087487278130576,0.0,0.0,0.0013584440990965989,,,0,
398,,,,,,,-0.7724127344993739,0.2200746794094693,-0.47798350348493435,0.355636719002596,0.0,0.0,0.0013584440990965989,,,0,
399,,,,,,,-0.7748104616641035,0.21682305855255934,-0.4794672620759176,0.3503821582503332,0.0,0.0,0.0013584440990965989,,,0,
400,,,,,,,-0.7771724436595554,0.2135614347628886,-0.48092890088497514,0.3451114329388532,0.0,0.0,0.0013584440990965989,,,0,
401,,,,,,,-0.7794985715178588,0.21028995851247584,-0.4823683524807417,0.3398247862282295,0.0,0.0,0.0013584440990965989,,,0,
402,,,,,,,-0.7817887379252405,0.2070087807278744,-0.4837855504554399,0.334522462013054,0.0,0.0,0.0013584440990965989,,,0,
403,,,,,,,-0.7840428372269753,0.20371805278320881,-0.48518042942794204,0.3292047049111862,0.0,0.0,0.0013584440990965989,,,0,
404,,,,,,,-0.7862607654322611,0.20041792649319157,-0.4865529250467871,0.3238717602524677,0.0,0.0,0.0013584440990965989,,,0,
405,,,,,,,-0.7884424202190164,0.19710855410611908,-0.4879029739931498,0.3185238740674041,0.0,0.0,0.0013584440990965989,,,0,
406,,,,,,,-0.7905877009386006,0.193790088296848,-0.48923051398376133,0.3131612930758145,0.0,0.0,0.0013584440990965989,,,0,
407,,,,,,,-0.7926965086204569,0.1904626821597517,-0.4905354837737828,0.3077842646754493,0.0,0.0,0.0013584440990965989,,,0,
408,,,,,,,-0.7947687459766788,0.18712648920165745,-0.49181782315963096,0.3023930369305772,0.0,0.0,0.0013584440990965989,,,0,
409,,,,,,,-0.7968043174064983,0.18378166333476423,-0.49307747298175536,0.29698785856054033,0.0,0.0,0.0013584440990965989,,,0,
410,,,,,,,-0.7988031290006959,0.18042835886954253,-0.49431437512736787,0.2915689789282801,0.0,0.0,0.0013584440990965989,,,0,
411,,,,,,,-0.8007650885459331,0.17706673050761512,-0.4955284725331234,0.2861366480288332,0.0,0.0,0.0013584440990965989,,,0,
412,,,,,,,-0.8026901055290081,0.17369693333462005,-0.49671970918775277,0.2806911164777983,0.0,0.0,0.0013584440990965989,,,0,
413,,,,,,,-0.8045780911410295,0.170319122813056,-0.49788803013464644,0.27523263549977384,0.0,0.0,0.0013584440990965989,,,0,
414,,,,,,,-0.806428958281514,0.1669334547751102,-0.4990333814743899,0.26976145691676806,0.0,0.0,0.0013584440990965989,,,0,
415,,,,,,,-0.8082426215624049,0.1635400854154692,-0.5001557103672505,0.2642778331365818,0.0,0.0,0.0013584440990965989,,,0,
416,,,,,,,-0.8100189973120119,0.16013917128411276,-0.5012549650356151,0.25878201714116367,0.0,0.0,0.0013584440990965989,,,0,
417,,,,,,,-0.8117580035788703,0.156730869279092,-0.5023310947663789,0.25327426247493867,0.0,0.0,0.0013584440990965989,,,0,
418,,,,,,,-0.8134595601355225,0.15331533663929073,-0.5033840499132844,0.24775482323311132,0.0,0.0,0.0013584440990965989,,,0,
419,,,,,,,-0.8151235884822186,0.14989273093717126,-0.5044137818992127,0.24222395404994387,0.0,0.0,0.0013584440990965989,,,0,
420,,,,,,,-0.8167500118505383,0.14646321007150542,-0.5054202432184236,0.236681910087008,0.0,0.0,0.0013584440990965989,,,0,
421,,,,,,,-0.8183387552069327,0.1430269322600897,-0.5064033874387479,0.23112894702141376,0.0,0.0,0.0013584440990965989,,,0,
422,,,,,,,-0.8198897452561854,0.139584056032446,-0.5073631692037296,0.22556532103401386,0.0,0.0,0.0013584440990965989,,,0,
423,,,,,,,-0.8214029104447941,0.13613474022250804,-0.5082995442347181,0.21999128879758514,0.0,0.0,0.0013584440990965989,,,0,
424,,,,,,,-0.8228781809642717,0.13267914396129393,-0.5092124693329105,0.21440710746498734,0.0,0.0,0.0013584440990965989,,,0,
425,,,,,,,-0.8243154887543672,0.12921742666956443,-0.510101902381346,0.20881303465729925,0.0,0.0,0.0013584440990965989,,,0,
426,,,,,,,-0.8257147675062052,0.1257497480504686,-0.5109678023468472,0.20320932845193387,0.0,0.0,0.0013584440990965989,,,0,
427,,,,,,,-0.8270759526653447,0.12227626808217587,-0.5118101292819138,0.19759624737073211,0.0,0.0,0.0013584440990965989,,,0,
428,,,,,,,-0.8283989814347579,0.11879714701049549,-0.5126288443265662,0.19197405036803628,0.0,0.0,0.0013584440990965989,,,0,
429,,,,,,,-0.8296837927777271,0.11531254534148384,-0.5134239097101367,0.18634299681874322,0.0,0.0,0.0013584440990965989,,,0,
430,,,,,,,-0.8309303274206602,0.11182262383403968,-0.5141952887530141,0.18070334650633854,0.0,0.0,0.0013584440990965989,,,0,
431,,,,,,,-0.8321385278558258,0.10832754349248759,-0.5149429458683341,0.17505535961091145,0.0,0.0,0.0013584440990965989,,,0,
432,,,,,,,-0.8333083383440058,0.10482746555915033,-0.5156668465636225,0.16939929669715198,0.0,0.0,0.0013584440990965989,,,0,
433,,,,,,,-0.8344397049170669,0.1013225515069098,-0.5163669574423845,0.16373541870232972,0.0,0.0,0.0013584440990965989,,,0,
434,,,,,,,-0.8355325753804504,0.09781296303175797,-0.5170432462056479,0.15806398692425588,0.0,0.0,0.0013584440990965989,,,0,
435,,,,,,,-0.8365868993155814,0.09429886204533688,-0.5176956816534509,0.15238526300922847,0.0,0.0,0.0013584440990965989,,,0,
436,,,,,,,-0.8376026280821924,0.09078041066746922,-0.5183242336862832,0.14669950893996178,0.0,0.0,0.0013584440990965989,,,0,
437,,,,,,,-0.838579714820569,0.08725777121867902,-0.5189288733064737,0.14100698702349942,0.0,0.0,0.0013584440990965989,,,0,
438,,,,,,,-0.8395181144537117,0.083731106212703,-0.5195095726195283,0.1353079598791138,0.0,0.0,0.0013584440990965989,,,0,
439,,,,,,,-0.8404177836894147,0.08020057834899337,-0.5200663048354174,0.1296026904261898,0.0,0.0,0.0013584440990965989,,,0,
440,,,,,,,-0.8412786810222629,0.07666635050521174,-0.520599044269811,0.12389144187209568,0.0,0.0,0.0013584440990965989,,,0,
441,,,,,,,-0.8421007667355488,0.07312858572971485,-0.5211077663452646,0.1181744777000398,0.0,0.0,0.0013584440990965989,,,0,
442,,,,,,,-0.8428840029031018,0.06958744723403255,-0.5215924475923516,0.1124520616569155,0.0,0.0,0.0013584440990965989,,,0,
443,,,,,,,-0.8436283533910407,0.0660430983853382,-0.5220530656507479,0.10672445774113312,0.0,0.0,0.0013584440990965989,,,0,
444,,,,,,,-0.8443337838594391,0.06249570269891188,-0.5224895992702622,0.10099193019044074,0.0,0.0,0.0013584440990965989,,,0,
445,,,,,,,-0.845000261763909,0.05894542383059663,-0.5229020283118165,0.09525474346973384,0.0,0.0,0.0013584440990965989,,,0,
446,,,,,,,-0.8456277563571043,0.05539242556924853,-0.5232903337483752,0.08951316225885445,0.0,0.0,0.0013584440990965989,,,0,
447,,,,,,,-0.8462162386901381,0.0518368718291803,-0.5236544976658236,0.08376745144038024,0.0,0.0,0.0013584440990965989,,,0,
448,,,,,,,-0.8467656816139177,0.04827892664259936,-0.5239945032637936,0.07801787608740467,0.0,0.0,0.0013584440990965989,,,0,
449,,,,,,,-0.847276059780398,0.044718754152040366,-0.5243103348564386,0.07226470145130799,0.0,0.0,0.0013584440990965989,,,0,
450,,,,,,,-0.8477473496437506,0.041156518602792465,-0.5246019778731585,0.06650819294951996,0.0,0.0,0.0013584440990965989,,,0,
451,,,,,,,-0.8481795294614501,0.03759238433532226,-0.5248694188592697,0.06074861615327519,0.0,0.0,0.0013584440990965989,,,0,
452,,,,,,,-0.8485725792952775,0.03402651577769192,-0.5251126454766281,0.05498623677536131,0.0,0.0,0.0013584440990965989,,,0,
453,,,,,,,-0.8489264810122389,0.030459077437973513,-0.5253316465041968,0.04922132065786049,0.0,0.0,0.0013584440990965989,,,0,
454,,,,,,,-0.8492412182854032,0.026890233896659513,-0.5255264118385642,0.0434541337598849,0.0,0.0,0.0013584440990965989,,,0,
455,,,,,,,-0.8495167765946551,0.02332014979907015,-0.5256969324944102,0.03768494214530724,0.0,0.0,0.0013584440990965989,,,0,
456,,,,,,,-0.8497531432273651,0.019748989847757567,-0.5258432006049208,0.031914011970485885,0.0,0.0,0.0013584440990965989,,,0,
457,,,,,,,-0.8499503072789751,0.016176918794907374,-0.525965209422151,0.026141609471986207,0.0,0.0,0.0013584440990965989,,,0,
458,,,,,,,-0.8501082596535022,0.012604101434738089,-0.5260629533173358,0.02036800095429775,0.0,0.0,0.0013584440990965989,,,0,
459,,,,,,,-0.8502269930639585,0.009030702595898398,-0.5261364277811499,0.014593452777548685,0.0,0.0,0.0013584440990965989,,,0,
460,,,,,,,-0.850306502032687,0.005456887133863002,-0.5261856294239167,0.008818231345217517,0.0,0.0,0.0013584440990965989,,,0,
461,,,,,,,-0.8503467828916141,0.0018828199233270706,-0.5262105559757632,0.0030426030918427873,0.0,0.0,0.0013584440990965989,,,0,
